date,time,network,video,caption,hashtags
2026-10-02,17:00,youtube;tiktok;x,videos/Real e13 EN - Which is the fastest.mp4,"🏆 €20 in prizes this Saturday. Which is the fastest animal in the world? Comment what you picked 👇 Those who last longest get paid. Saturday 6 PM Spain time · free · vibo-azure.vercel.app/app","#vibo #trivia #quiz #trivia"
2026-10-02,23:00,youtube;tiktok;x,videos/Real ce42en EN - Which era would you have.mp4,"🏆 €20 in prizes this Saturday. Which era would you have liked to live in? 1, 2, 3 or 4? Comment your number 👇 Those who last longest get paid. Saturday 6 PM Spain time · free · vibo-azure.vercel.app/app","#vibo #trivia #quiz #whichonewouldyouchoose #wouldyourather"
2026-10-03,17:00,youtube;tiktok;x,videos/Real q02en EN - How does a dolphin sleep.mp4,"🏆 €20 in prizes this Saturday. How does a dolphin sleep without drowning? What did you say? Comment 👇 Those who last longest get paid. Saturday 6 PM Spain time · free · vibo-azure.vercel.app/app","#vibo #trivia #quiz #trivia #quiz"
2026-10-03,23:00,youtube;tiktok;x,videos/Real ce63en EN - Which red flag would you.mp4,"🏆 €20 in prizes this Saturday. Which red flag would you forgive? 1, 2, 3 or 4? Comment your number 👇 Those who last longest get paid. Saturday 6 PM Spain time · free · vibo-azure.vercel.app/app","#vibo #trivia #quiz #whichonewouldyouchoose #wouldyourather"
2026-10-04,17:00,youtube;tiktok;x,videos/Real s17en EN - How much water can a.mp4,"🏆 €20 in prizes this Saturday. How much water can a camel drink in one go? Comment what you picked 👇 Those who last longest get paid. Saturday 6 PM Spain time · free · vibo-azure.vercel.app/app","#vibo #trivia #quiz #funfacts #nature"
2026-10-04,23:00,youtube;tiktok;x,videos/Real ce30en EN - Which villain has the most.mp4,"🏆 €20 in prizes this Saturday. Which villain has the most aura? 1, 2, 3 or 4? Comment your number 👇 Those who last longest get paid. Saturday 6 PM Spain time · free · vibo-azure.vercel.app/app","#vibo #trivia #quiz #whichonewouldyouchoose #wouldyourather"
2026-10-05,17:00,youtube;tiktok;x,videos/Real s05en EN - What is the tallest waterfall.mp4,"🏆 €20 in prizes this Saturday. What is the tallest waterfall in the world? Comment what you picked 👇 Those who last longest get paid. Saturday 6 PM Spain time · free · vibo-azure.vercel.app/app","#vibo #trivia #quiz #funfacts #nature"
2026-10-05,23:00,youtube;tiktok;x,videos/Real ce11en EN - Whats your weekend plan.mp4,"🏆 €20 in prizes this Saturday. What's your weekend plan? 1, 2, 3 or 4? Comment your number 👇 Those who last longest get paid. Saturday 6 PM Spain time · free · vibo-azure.vercel.app/app","#vibo #trivia #quiz #whichonewouldyouchoose #wouldyourather"
2026-10-06,17:00,youtube;tiktok;x,videos/Real k19en EN - Which animal can turn.mp4,"🏆 €20 in prizes this Saturday. Which animal can turn young again and again? Comment what you picked 👇 Those who last longest get paid. Saturday 6 PM Spain time · free · vibo-azure.vercel.app/app","#vibo #trivia #quiz #funfacts #trivia"
2026-10-06,23:00,youtube;tiktok;x,videos/Real ce23en EN - Which house are you keeping.mp4,"🏆 €20 in prizes this Saturday. Which house are you keeping? 1, 2, 3 or 4? Comment your number 👇 Those who last longest get paid. Saturday 6 PM Spain time · free · vibo-azure.vercel.app/app","#vibo #trivia #quiz #whichonewouldyouchoose #wouldyourather"
2026-10-07,17:00,youtube;tiktok;x,videos/Real k06en EN - Where is the deepest.mp4,"🏆 €20 in prizes this Saturday. Where is the deepest point in the ocean? Comment what you picked 👇 Those who last longest get paid. Saturday 6 PM Spain time · free · vibo-azure.vercel.app/app","#vibo #trivia #quiz #funfacts #trivia"
2026-10-07,23:00,youtube;tiktok;x,videos/Real ce31en EN - Which coach do you like.mp4,"🏆 €20 in prizes this Saturday. Which coach do you like most? 1, 2, 3 or 4? Comment your number 👇 Those who last longest get paid. Saturday 6 PM Spain time · free · vibo-azure.vercel.app/app","#vibo #trivia #quiz #whichonewouldyouchoose #wouldyourather"
2026-10-08,17:00,youtube;tiktok;x,videos/Real s09en EN - How long is a kangaroo.mp4,"🏆 €20 in prizes this Saturday. How long is a kangaroo at birth? Comment what you picked 👇 Those who last longest get paid. Saturday 6 PM Spain time · free · vibo-azure.vercel.app/app","#vibo #trivia #quiz #funfacts #nature"
2026-10-08,23:00,youtube;tiktok;x,videos/Real ce55en EN - What do you miss most.mp4,"🏆 €20 in prizes this Saturday. What do you miss most from 2016? 1, 2, 3 or 4? Comment your number 👇 Those who last longest get paid. Saturday 6 PM Spain time · free · vibo-azure.vercel.app/app","#vibo #trivia #quiz #whichonewouldyouchoose #wouldyourather"
2026-10-09,17:00,youtube;tiktok;x,videos/Real k17en EN - Who has won the.mp4,"🏆 €20 in prizes this Saturday. Who has won the most ballon d'or awards? Comment what you picked 👇 Those who last longest get paid. Saturday 6 PM Spain time · free · vibo-azure.vercel.app/app","#vibo #trivia #quiz #funfacts #trivia"
2026-10-09,23:00,youtube;tiktok;x,videos/Real ce01en EN - Which one would you drive.mp4,"🏆 €20 in prizes this Saturday. Which one would you drive? 1, 2, 3 or 4? Comment your number 👇 Those who last longest get paid. Saturday 6 PM Spain time · free · vibo-azure.vercel.app/app","#vibo #trivia #quiz #whichonewouldyouchoose #wouldyourather"
2026-10-10,17:00,youtube;tiktok;x,videos/Real k08en EN - Which of these fruits.mp4,"🏆 €20 in prizes this Saturday. Which of these fruits is a berry? Comment what you picked 👇 Those who last longest get paid. Saturday 6 PM Spain time · free · vibo-azure.vercel.app/app","#vibo #trivia #quiz #funfacts #trivia"
2026-10-10,23:00,youtube;tiktok;x,videos/Real ce07en EN - Where would you sleep tonight.mp4,"🏆 €20 in prizes this Saturday. Where would you sleep tonight? 1, 2, 3 or 4? Comment your number 👇 Those who last longest get paid. Saturday 6 PM Spain time · free · vibo-azure.vercel.app/app","#vibo #trivia #quiz #whichonewouldyouchoose #wouldyourather"
2026-10-11,17:00,youtube;tiktok;x,videos/Real k07en EN - What is the largest.mp4,"🏆 €20 in prizes this Saturday. What is the largest animal that has ever lived? Comment what you picked 👇 Those who last longest get paid. Saturday 6 PM Spain time · free · vibo-azure.vercel.app/app","#vibo #trivia #quiz #funfacts #trivia"
2026-10-11,23:00,youtube;tiktok;x,videos/Real ce14en EN - Who has the most aura.mp4,"🏆 €20 in prizes this Saturday. Who has the most aura? 1, 2, 3 or 4? Comment your number 👇 Those who last longest get paid. Saturday 6 PM Spain time · free · vibo-azure.vercel.app/app","#vibo #trivia #quiz #whichonewouldyouchoose #wouldyourather"
